Product_Name, Pricing, Ratings 
Dell MS 116 Wired Optical Mouse,Rs.299,4.3
Dell MS 116 Wired Optical Mouse,Rs.500,4.4
Dell MS 116 Wired Optical Mouse,Rs.599,4.5
Dell MS 116 Wired Optical Mouse,Rs.299,4.3
HP 1000 Wired Optical Mouse,Rs.289,4.3
HP 1000 Wired Optical Mouse,Rs.649,4.5
HP 1000 Wired Optical Mouse,Rs.279,4.4
HP 1000 Wired Optical Mouse,Rs.279,4.4
Flipkart SmartBuy Dash Series G40 Gaming Mouse,Rs.499,4.6
Flipkart SmartBuy Dash Series G40 Gaming Mouse,Rs.450,4.5
Flipkart SmartBuy Dash Series G40 Gaming Mouse,Rs.325,4.5
Flipkart SmartBuy Dash Series G40 Gaming Mouse,Rs.399,4.5
Lehza optical high speed wired mouse Wired Optical  Gaming Mouse,Rs.139,4.1
Lehza optical high speed wired mouse Wired Optical  Gaming Mouse,Rs.749,4.3
Lehza optical high speed wired mouse Wired Optical  Gaming Mouse,Rs.429,4.3
Lehza optical high speed wired mouse Wired Optical  Gaming Mouse,Rs.699,4.4
Logitech M-171 Wireless Optical Mouse,Rs.579,4.5
Logitech M-171 Wireless Optical Mouse,Rs.249,4.3
Logitech M-171 Wireless Optical Mouse,Rs.199,3.9
Logitech M-171 Wireless Optical Mouse,Rs.599,4.5
Logitech M-171 Wireless Optical Mouse,Rs.579,4.5
Logitech M-171 Wireless Optical Mouse,Rs.449,4.5
Logitech M-171 Wireless Optical Mouse,Rs.279,3.8
Logitech M-171 Wireless Optical Mouse,Rs.370,4.5
Spark TB0015 Wireless Optical  Gaming Mouse,Rs.279,3.8
Spark TB0015 Wireless Optical  Gaming Mouse,Rs.299,4.6
Spark TB0015 Wireless Optical  Gaming Mouse,Rs.429,4.3
Spark TB0015 Wireless Optical  Gaming Mouse,Rs.1379,4.4
Logitech B170 Wireless Optical Mouse,Rs.599,4.5
Logitech B170 Wireless Optical Mouse,Rs.325,4.3
Logitech B170 Wireless Optical Mouse,Rs.329,4.2
Logitech B170 Wireless Optical Mouse,Rs.579,4.5
Flipkart SmartBuy Turbo Wireless Mouse,Rs.449,4.5
Flipkart SmartBuy Turbo Wireless Mouse,Rs.329,4.2
Flipkart SmartBuy Turbo Wireless Mouse,Rs.369,4.4
Flipkart SmartBuy Turbo Wireless Mouse,Rs.699,4.5
Blendia New 2.4Ghz Ultra Slim Wireless Optical  Gaming Mouse,Rs.399,3.5
Blendia New 2.4Ghz Ultra Slim Wireless Optical  Gaming Mouse,Rs.1399,4.6
Blendia New 2.4Ghz Ultra Slim Wireless Optical  Gaming Mouse,Rs.309,4.3
Blendia New 2.4Ghz Ultra Slim Wireless Optical  Gaming Mouse,Rs.494,4.3
